playerID,birthYear,nameFirst,nameLastaaronha01,1934,Hank,Aaronaaronto01,1939,Tommie,Aaronaasedo01,1954,Don,Aaseabadan01,1972,Andy,Abadabadijo01,1854,John,Abadieabbated01,1877,Ed,Abbaticchioabbeybe01,1869,Bert,Abbeyabbeych01,1866,Charlie,Abbeyabbotda01,1862,Dan,Abbottabbotfr01,1874,Fred,Abbottabbotgl01,1951,Glenn,Abbottabbotje01,1972,Jeff,Abbottabbotji01,1967,Jim,Abbottabbotku01,1969,Kurt,Abbottabbotky01,1968,Kyle,Abbottabbotod01,1888,Ody,Abbottabbotpa01,1967,Paul,Abbottaberal01,1927,Al,Aberabercda01,1851,Francis,Abercrombieabernbi01,1929,Bill,Abernathieabernbr01,1977,Brent,Abernathyabernte01,1921,Tal,Abernathyabernte02,1933,Ted,Abernathyabernwo01,1915,Woody,Abernathyaberscl01,1921,Cliff,Abersonablesha01,1883,Harry,Ablesabnersh01,1966,Shawn,Abnerabramca01,1924,Cal,Abramsabramge01,1899,George,Abramsabregjo01,1962,Johnny,Abregoabreubo01,1974,Bobby,Abreuabreujo01,1913,Joe,Abreuabstebi01,1883,Bill,Absteinacevejo01,1977,Jose,Acevedoaceveju01,1970,Juan,Acevedoackerji01,1958,Jim,Ackerackerto01,1930,Tom,Ackeracklefr01,1937,Fritz,Ackleyacostcy01,1946,Cy,Acostaacosted01,1944,Ed,Acostaacostjo01,1891,Jose,Acostaacostme01,1896,Merito,Acostaacrema01,1968,Mark,Acre,1913,Bill,Adairadairje01,1936,Jerry,Adairadairji01,1907,Jimmy,Adairadamsac01,1910,Ace,Adamsadamsba01,1882,Babe,Adamsadamsbe01,1891,Bert,Adamsadamsbo01,1901,Bob,Adamsadamsbo02,1907,Bob,Adamsadamsbo04,1952,Bob,Adamsadamsbo03,1921,Bobby,Adamsadamsbu01,1915,Buster,Adamsadamsda01,1887,Dan,Adamsadamsdi01,1920,Dick,Adamsadamsdo01,1943,Doug,Adamsadamsge01,,George,Adamsadamsgl01,1947,Glenn,Adamsadamshe01,1928,Herb,Adamsadamsji01,1868,Jim,Adamsadamsjo01,1877,Joe,Adamsadamska01,1891,Karl,Adamsadamsmi02,1948,Mike,Adamsadamsre01,1921,Red,Adamsadamsri01,1878,Rick,Adamsadamsri02,1959,Ricky,Adamsadamssp01,1894,Sparky,Adamsadamssp02,1898,Spencer,Adamsadamste01,1973,Terry,Adamsadamswi01,1890,Willie,Adamsadamswi02,1972,Willie,Adamsadamsjo02,1971,Joel,Adamsonadamsmi01,1947,Mike,Adamsonadcocjo01,1927,Joe,Adcockaddisbo01,1925,Bob,Addisadducji01,1959,Jim,Adduciaddybo01,1845,Bob,Addyaderhmo01,1915,Morrie,Aderholtadkinde01,1918,Dewey,Adkinsadkindi01,1920,Dick,Adkinsadkindo01,1872,Doc,Adkinsadkingr01,1897,Grady,Adkinsadkinst01,1964,Steve,Adkinsadkinhe01,1874,Henry,Adkinsonadlesda01,1943,Dave,Adleshafenitr01,1963,Troy,Afeniragbaybe01,1971,Benny,Agbayaniageeto01,1942,Tommie,Ageeagganha01,1929,Harry,Agganisaglerjo01,1887,Joe,Agleragnewsa01,1887,Sam,Agnewagostju01,1958,Juan,Agostoaguaylu01,1959,Luis,Aguayoaguilri01,1961,Rick,Aguileraaguirha01,1931,Hank,Aguirreahearch01,,Charlie,Ahearnahearpa01,1969,Pat,Ahearneaikenwi01,1954,Willie,Aikensaingeda01,1959,Danny,Aingeainsmed01,1890,Eddie,Ainsmithainswku01,1978,Kurt,Ainsworthaitchra01,1887,Raleigh,Aitchisonaitonge01,1890,George,Aitonakejo01,1861,John,Akeakerja01,1940,Jack,Akerakerfda01,1962,Darrel,Akerfeldsakersbi01,1904,Bill,Akersakersje01,1887,Jerry,Akersalbagi01,1960,Gibson,Albaalbanjo01,1933,Joe,Albanesealberjo01,1969,Jose,Alberroalberbu01,1950,Butch,Albertsalbercy01,1882,Cy,Albertsalbergu01,1861,Gus,Albertsalbosed01,1918,Ed,Albostaalbreed01,1929,Ed,Albrechtalbrija01,1921,Jack,Albrightalburvi01,1947,Vic,Alburyalcalsa01,1952,Santo,Alcalaalcanis01,1971,Israel,Alcantaraalcarlu01,1941,Luis,Alcarazalcocsc01,1885,Scotty,Alcockalderda01,1918,Dale,Aldersonaldresc01,1968,Scott,Aldredaldremi01,1961,Mike,Aldretealdrija01,1961,Jay,Aldrichaldrico01,1979,Cory,Aldridgealdrivi01,1893,Vic,Aldridgealenoch01,1917,Chuck,Alenoalexabo01,1922,Bob,Alexanderalexada01,1903,Dale,Alexanderalexado01,1950,Doyle,Alexanderalexaga01,1953,Gary,Alexanderalexage01,1968,Gerald,Alexanderalexahu01,1917,Hugh,Alexanderalexama02,1971,Manny,Alexanderalexama01,1947,Matt,Alexanderalexani01,1858,Nin,Alexanderalexape01,1887,Pete,Alexanderalexawa01,1891,Walt,Alexanderalfonan01,1972,Antonio,Alfonsecaalfoned01,1973,Edgardo,Alfonzoalicelu01,1965,Luis,Aliceaallanan01,1961,Andy,Allansonallarbr01,1958,Brian,Allardallenbe01,1939,Bernie,Allenallenbo01,1867,Bob,Allenallenbo02,1894,Bob,Allenallenbo03,1914,Bob,Allenallenbo04,1937,Bob,Allenallench01,1975,Chad,Allenallendi01,1942,Dick,Allenallendu01,1972,Dusty,Allenallenet01,1904,Ethan,Allenallenfr01,1888,Frank,Allenallenha01,1846,Ham,Allenallenha02,1940,Hank,Allenallenhe01,1863,Hezekiah,Allenallenho01,1899,Horace,Allenallenja01,1855,Jack,Allenallenja02,1958,Jamie,Allenallenjo01,1890,John,Allenallenjo02,1904,Johnny,Allenallenki01,1953,Kim,Allenallenll01,1950,Lloyd,Allenallenmy01,1854,Myron,Allenallenne01,1958,Neil,Allenallenni01,1888,Nick,Allenallenpe01,1868,Pete,Allenallenro02,1959,Rod,Allenallenro01,1943,Ron,Allenallensl01,1886,Sled,Allenallenga01,1955,Gary,Allensonallenje01,1972,Jermaine,Allensworthalleyge01,1940,Gene,Alleyalliega01,1931,Gair,Alliealliebo01,1952,Bob,Alliettaallisan01,1848,Andy,Allisonallisar01,1849,Art,Allisonallisbi01,,Bill,Allisonallisbo01,1934,Bob,Allisonallisda01,1966,Dana,Allisonallisdo01,1846,Doug,Allisonallisma01,1887,Mack,Allisonallismi01,1890,Milo,Allisonallrebe01,1965,Beau,Allredalmadme01,1913,Mel,Almadaalmanar01,1972,Armando,Almanzaalmanca01,1973,Carlos,Almanzaralmeira01,1887,Rafael,Almeidaalmonbi01,1952,Bill,Almonalmoner01,1978,Erick,Almontealmonhe01,1975,Hector,Almontealomalu01,1923,Luis,Alomaalomaro01,1968,Roberto,Alomaralomasa02,1966,Sandy,Alomaralomasa01,1943,Sandy,Alomaraloufe01,1935,Felipe,Aloualouje01,1942,Jesus,Aloualouma01,1938,Matty,Aloualoumo01,1966,Moises,Aloualperwh01,1879,Whitey,Alpermanalstode01,1952,Dell,Alstonalstoga01,1971,Garvin,Alstonalstoto01,1926,Tom,Alstonalstowa01,1911,Walter,Alstonaltampo01,1952,Porfi,Altamiranoaltener01,1894,Ernie,Altenaltenje01,1893,Jesse,Altenburgaltizda01,1876,Dave,Altizeraltmage01,1933,George,Altmanaltobjo01,1932,Joe,Altobellialtroni01,1876,Nick,Altrockalusige01,1935,George,Alusikalvarlu01,1949,Luis,Alvaradoalvarcl01,1968,Clemente,Alvarezalvarga01,1974,Gabe,Alvarezalvarjo01,1956,Jose,Alvarezalvarju01,1973,Juan,Alvarezalvaror01,1952,Orlando,Alvarezalvaros01,1933,Ossie,Alvarezalvarro01,1938,Rogelio,Alvarezalvarta01,1971,Tavo,Alvarezalvarwi01,1970,Wilson,Alvarezalvisma01,1938,Max,Alvisalvorbi01,1863,Billy,Alvordalyeabr01,1940,Brant,Alyeaamalfjo01,1934,Joey,Amalfitanoamarari01,1962,Rich,Amaralamaroru01,1936,Ruben,Amaroamaroru02,1965,Ruben,Amaroamblewa01,1915,Wayne,Ambleramelued01,1959,Ed,Amelungamesre01,1882,Red,Amesamoledo01,1878,Doc,Amoleamorvi01,1932,Vicente,Amoramorosa01,1930,Sandy,Amorosanckewa01,1893,Walter,Anckeranderla02,1953,Larry,Andersenanderal01,1914,Alf,Andersonanderal02,1964,Allan,Andersonanderan01,1922,Andy,Andersonanderbi01,1895,Bill,Andersonanderbo01,1935,Bob,Andersonanderbr01,1964,Brady,Andersonanderbr02,1972,Brian,Andersonanderbu01,1956,Bud,Andersonandercr01,1938,Craig,Andersonanderda01,1868,Dave,Andersonanderda02,1960,Dave,Andersonanderdw01,1947,Dwain,Andersonanderfe01,1918,Ferrell,Andersonanderfr01,1885,Fred,Andersonanderga01,1972,Garret,Andersonanderge01,1889,George,Andersonandergo01,1880,Goat,Andersonanderha01,1904,Hal,Andersonanderha02,1931,Harry,Andersonanderji01,1957,Jim,Andersonanderji02,1976,Jimmy,Andersonanderjo01,1873,John,Andersonanderjo02,1932,John,Andersonanderke01,1963,Kent,Andersonanderla01,1952,Larry,Andersonanderma02,1974,Marlon,Andersonanderma01,1976,Matt,Andersonandermi01,1951,Mike,Andersonandermi02,1966,Mike,Andersonanderre01,1912,Red,Andersonanderri01,1953,Rick,Andersonanderri02,1956,Rick,Andersonandersc01,1962,Scott,Andersonandersp01,1934,Sparky,Andersonanderva01,1866,Varney,Andersonanderwa01,1897,Walter,Andersonanderwi01,1886,Wingo,Andersonandrejo01,1923,John,Andreandreer01,1918,Ernie,Andresandreki01,1953,Kim,Andrewandrecl01,1978,Clayton,Andrewsandreed01,1859,Ed,Andrewsandreel01,1901,Elbert,Andrewsandrefr01,1952,Fred,Andrewsandrehu01,1922,Hub,Andrewsandreiv01,1907,Ivy,Andrewsandreji01,1865,Jim,Andrewsandrejo02,1949,John,Andrewsandremi01,1943,Mike,Andrewsandrena01,1913,Nate,Andrewsandrero01,1952,Rob,Andrewsandresh01,1971,Shane,Andrewsandrest01,1917,Stan,Andrewsandrewa01,1859,Wally,Andrewsandrubi01,1907,Bill,Andrusandrufr01,1850,Fred,Andrusandruwi01,1858,Wiman,Andrusandujjo01,1952,Joaquin,Andujarandujlu01,1972,Luis,Andujarangelno01,1947,Norm,Angeliniangleto01,1904,Tom,Angleyankenpa01,1912,Pat,Ankenmanankieri01,1979,Rick,Ankielannisbi01,1857,Bill,Annisansonca01,1852,Cap,Ansonanthoer01,1967,Eric,Anthonyantoljo01,1916,Joe,Antolick